model,as_tokens,gen_tokens,ref_tokens,compression_ratio,as_sent_count,as_token_count,as_avg_sent_len,as_long_sent_ratio,as_subord_ratio,as_subject_initial_ratio,as_passive_count,as_passive_ratio,as_genitive_count,as_genitive_ratio,as_subjunctive_count,as_subjunctive_ratio,as_nominal_count,as_nominal_ratio,as_verb_to_noun_ratio,as_negation_density,as_avg_word_len,as_polysyllable_ratio,as_hyphen_compound_ratio,as_abbr_ratio,as_digit_ratio,as_flesch_score,as_wstf_score,as_lix_score,as_mattr_50,gen_sent_count,gen_token_count,gen_avg_sent_len,gen_long_sent_ratio,gen_subord_ratio,gen_subject_initial_ratio,gen_passive_count,gen_passive_ratio,gen_genitive_count,gen_genitive_ratio,gen_subjunctive_count,gen_subjunctive_ratio,gen_nominal_count,gen_nominal_ratio,gen_verb_to_noun_ratio,gen_negation_density,gen_avg_word_len,gen_polysyllable_ratio,gen_hyphen_compound_ratio,gen_abbr_ratio,gen_digit_ratio,gen_flesch_score,gen_wstf_score,gen_lix_score,gen_mattr_50,gen_delta_avg_sent_len,gen_red_sent_len_pct,gen_delta_long_sent_ratio,gen_red_long_sent_pct,gen_delta_subord_ratio,gen_red_subord_pct,gen_delta_passive_ratio,gen_red_passive_pct,gen_delta_genitive_ratio,gen_red_genitive_pct,gen_delta_subjunctive_ratio,gen_red_subjunctive_pct,gen_delta_nominal_ratio,gen_red_nominal_pct,gen_delta_polysyllable_ratio,gen_red_polysyllable_pct,gen_delta_abbr_ratio,gen_red_abbr_pct,gen_delta_wstf_score,gen_red_wstf_pct,gen_delta_lix_score,gen_red_lix_pct,gen_delta_mattr_50,gen_red_mattr_pct,gen_delta_flesch_score,gen_gain_flesch_pts,gen_delta_subject_initial_ratio,gen_gain_subject_initial_pct,gen_delta_verb_to_noun_ratio,gen_gain_vnr_pct,gen_delta_hyphen_compound_ratio,gen_gain_hyphen_pct,gen_delta_digit_ratio,gen_gain_digit_pct,ref_sent_count,ref_token_count,ref_avg_sent_len,ref_long_sent_ratio,ref_subord_ratio,ref_subject_initial_ratio,ref_passive_count,ref_passive_ratio,ref_genitive_count,ref_genitive_ratio,ref_subjunctive_count,ref_subjunctive_ratio,ref_nominal_count,ref_nominal_ratio,ref_verb_to_noun_ratio,ref_negation_density,ref_avg_word_len,ref_polysyllable_ratio,ref_hyphen_compound_ratio,ref_abbr_ratio,ref_digit_ratio,ref_flesch_score,ref_wstf_score,ref_lix_score,ref_mattr_50,ref_delta_avg_sent_len,ref_red_sent_len_pct,ref_delta_long_sent_ratio,ref_red_long_sent_pct,ref_delta_subord_ratio,ref_red_subord_pct,ref_delta_passive_ratio,ref_red_passive_pct,ref_delta_genitive_ratio,ref_red_genitive_pct,ref_delta_subjunctive_ratio,ref_red_subjunctive_pct,ref_delta_nominal_ratio,ref_red_nominal_pct,ref_delta_polysyllable_ratio,ref_red_polysyllable_pct,ref_delta_abbr_ratio,ref_red_abbr_pct,ref_delta_wstf_score,ref_red_wstf_pct,ref_delta_lix_score,ref_red_lix_pct,ref_delta_mattr_50,ref_red_mattr_pct,ref_delta_flesch_score,ref_gain_flesch_pts,ref_delta_subject_initial_ratio,ref_gain_subject_initial_pct,ref_delta_verb_to_noun_ratio,ref_gain_vnr_pct,ref_delta_hyphen_compound_ratio,ref_gain_hyphen_pct,ref_delta_digit_ratio,ref_gain_digit_pct
SFT (500 tokens),344,137,998,0.39825581395348836,22,344,15.636363636363637,0.5909090909090909,0.5,0.13636363636363635,0,0.0,12,0.10714285714285714,2,0.043478260869565216,15,0.0436046511627907,0.4842105263157895,0.18181818181818182,6.369186046511628,0.28488372093023256,0.010526315789473684,0.0,1.0,40.86831395348838,10.686334186046512,53.53720930232558,0.819728813559322,17,137,8.058823529411764,0.11764705882352941,0.29411764705882354,0.17647058823529413,0,0.0,0,0.0,0,0.0,5,0.0364963503649635,0.7,0.11764705882352941,5.759124087591241,0.21897810218978103,0.075,0.0,1.0,62.8338199513382,7.597275815085158,42.709975669099755,0.5909090909090909,-7.577540106951872,48.46100921265092,-0.4732620320855615,80.09036220002052,-0.20588235294117646,41.176388235458816,0.0,0.0,-0.10714285714285714,99.99906667537769,-0.043478260869565216,99.99770005289878,-0.007108300797827198,16.301329319197986,-0.06590561874045153,23.134135984987285,0.0,0.0,-3.0890583709613537,28.906620625140373,-10.827233633225823,20.223753856587305,-0.2288197226502311,27.914041781240144,21.965505997849817,21.965505997849817,0.040106951871657776,29.411549021189547,0.21578947368421048,44.565125354632414,0.06447368421052631,612.4418180272875,0.0,0.0,117,998,8.52991452991453,0.15384615384615385,0.02564102564102564,0.358974358974359,1,0.008547008547008548,5,0.013020833333333334,1,0.00546448087431694,43,0.04308617234468938,0.5545454545454546,0.09401709401709402,5.970941883767535,0.23146292585170342,0.00909090909090909,0.012024048096192385,1.0,53.667081531484015,8.044225490981963,42.869992616812574,0.696290832455216,-7.106449106449107,45.44821812304429,-0.4370629370629371,73.96437187094465,-0.47435897435897434,94.8716051285846,0.008547008547008548,0.0,-0.09412202380952381,87.84640232246723,-0.03801377999524828,87.42968310635959,-0.0005184788181013186,1.1890174880446314,-0.05342079507852915,18.751723470495193,0.012024048096192385,0.0,-2.6421086950645485,24.724179515859042,-10.667216685513004,19.924864641386883,-0.12343798110410609,15.058373998638656,12.798767577995633,12.798767577995633,0.22261072261072262,163.24666610564515,0.07033492822966508,14.525661700955581,-0.0014354066985645935,-13.635068304874675,0.0,0.0
SFT (500 tokens),504,311,493,0.6170634920634921,23,504,21.91304347826087,0.6956521739130435,0.21739130434782608,0.21739130434782608,2,0.08695652173913043,18,0.10778443113772455,1,0.017543859649122806,18,0.03571428571428571,0.375,0.21739130434782608,6.698412698412699,0.3134920634920635,0.039473684210526314,0.031746031746031744,0.9642857142857143,32.472527472527446,11.783766422466423,57.28144078144078,0.7826813186813187,47,311,6.617021276595745,0.0425531914893617,0.0,0.3404255319148936,0,0.0,2,0.017543859649122806,0,0.0,6,0.01929260450160772,0.9113924050632911,0.0851063829787234,5.491961414790997,0.1607717041800643,0.17721518987341772,0.03215434083601286,1.0,68.95804250647006,4.927967704493765,32.34420829738844,0.6339694656488548,-15.296022201665126,69.80327273483039,-0.6530989824236818,93.88284376681635,-0.21739130434782608,99.99954000211599,-0.08695652173913043,99.99885001322485,-0.09024057148860175,83.7224201230827,-0.017543859649122806,99.99430032488148,-0.016421681212677994,45.979419971739176,-0.15272035931199918,48.71570605448676,0.00040830908998111537,-1.2861331202472257,-6.855798717972657,58.18002402951103,-24.937232484052338,43.53457543754078,-0.14871185303246393,19.000282679570056,36.48551503394262,36.48551503394262,0.12303422756706753,56.59548434162309,0.5363924050632911,143.0375932499623,0.1377415056628914,348.9363079595232,0.0357142857142857,3.70369986282977,76,493,6.4868421052631575,0.013157894736842105,0.02631578947368421,0.4342105263157895,2,0.02631578947368421,0,0.0,0,0.0,14,0.028397565922920892,0.6339869281045751,0.06578947368421052,5.959432048681542,0.25963488843813387,0.006535947712418301,0.02636916835699797,1.0,57.02509417560127,8.050740156476383,38.888698927847,0.6763063063063063,-15.426201372997713,70.3973443229282,-0.6824942791762013,98.10841160073727,-0.19107551487414187,87.89433252817564,-0.06064073226544622,69.73604014080153,-0.10778443113772455,99.99907223082985,-0.017543859649122806,99.99430032488148,-0.00731671979136482,20.486241801051065,-0.05385717505392962,17.179702304734757,-0.005376863389033773,16.936586172991934,-3.7330262659900395,31.679395325410216,-18.392741853593776,32.109425464135285,-0.10637501237501246,13.591084126473628,24.552566703073822,24.552566703073822,0.2168192219679634,99.73638331789991,0.25898692810457513,69.06299665989562,-0.032937736498108015,-83.44015197802354,0.0357142857142857,3.70369986282977
SFT (500 tokens),492,178,776,0.3617886178861789,39,492,12.615384615384615,0.5128205128205128,0.05128205128205128,0.10256410256410256,7,0.1794871794871795,17,0.09444444444444444,0,0.0,17,0.034552845528455285,0.4171779141104294,0.0,6.719512195121951,0.32723577235772355,0.03067484662576687,0.0,0.8,36.23465608465608,12.115621469723692,57.50711346266902,0.825823927765237,31,178,5.741935483870968,0.03225806451612903,0.0,0.16129032258064516,0,0.0,0,0.0,0,0.0,0,0.0,0.5789473684210527,0.0,5.752808988764045,0.15730337078651685,0.15789473684210525,0.0,1.0,68.47431781701445,5.584712038523275,38.37961476725521,0.7017054263565892,-6.873449131513647,54.48465343089784,-0.48056244830438377,93.7094946858402,-0.05128205128205128,99.99805003802426,-0.1794871794871795,99.99944286024693,-0.09444444444444444,99.99894118768154,0.0,0.0,-0.034552845528455285,99.99710596610967,-0.1699324015712067,51.92949445957824,0.0,0.0,-6.530909431200417,53.90486083171392,-19.127498695413806,33.26109973372164,-0.12411850140864789,15.029638514851406,32.23966173235837,32.23966173235837,0.058726220016542596,57.25750625544305,0.16176945431062323,38.77699683253934,0.1272198902163384,414.72332212496184,0.19999999999999996,24.999968750039052,121,776,6.413223140495868,0.008264462809917356,0.0,0.2066115702479339,2,0.01652892561983471,5,0.017241379310344827,1,0.006172839506172839,6,0.007731958762886598,0.675,0.024793388429752067,5.841494845360825,0.21778350515463918,0.19583333333333333,0.0,1.0,62.16249270569929,7.032045652596771,38.37745574790897,0.6950756533700139,-6.202161474888747,49.16347120872101,-0.5045560500105954,98.38823789500222,-0.05128205128205128,99.99805003802426,-0.16295825386734478,90.79052132175902,-0.07720306513409961,81.7435563866849,0.006172839506172839,0.0,-0.026820886765568687,77.62055526781103,-0.10945226720308437,33.447422920867545,0.0,0.0,-5.0835758171269205,41.95884965737841,-19.12965771476005,33.26485408545085,-0.13074827439522319,15.832444625889508,25.927836621043213,25.927836621043213,0.10404746768383133,101.44529190013951,0.2578220858895706,61.80132244683004,0.16515848670756647,538.3991148555224,0.19999999999999996,24.999968750039052
SFT (500 tokens),900,189,1422,0.21,90,900,10.0,0.32222222222222224,0.05555555555555555,0.1,4,0.044444444444444446,44,0.12941176470588237,0,0.0,57,0.06333333333333334,0.2961783439490446,0.022222222222222223,6.383333333333334,0.31333333333333335,0.006369426751592357,0.008888888888888889,0.9807692307692307,42.31173402868319,11.305119426336375,54.63233376792699,0.6995769682726204,26,189,7.269230769230769,0.07692307692307693,0.07692307692307693,0.23076923076923078,1,0.038461538461538464,3,0.04,0,0.0,10,0.05291005291005291,0.42857142857142855,0.0,6.142857142857143,0.26455026455026454,0.07936507936507936,0.0,1.0,59.77333333333334,8.342312423280424,41.951534391534395,0.5834285714285715,-2.730769230769231,27.307689576923355,-0.24529914529914532,76.12708469843741,0.021367521367521375,-38.46084616630748,-0.0059829059829059825,13.461235583737826,-0.08941176470588236,69.09037521073701,0.0,0.0,-0.010423280423280432,16.457551338579542,-0.04878306878306882,15.569014816889567,-0.008888888888888889,99.98875126548265,-2.9628070030559517,26.207655392629036,-12.680799376392592,23.211161357572276,-0.11614839684404887,16.60263789193354,17.46159930465015,17.46159930465015,0.13076923076923078,130.76792308999987,0.13239308462238397,44.70030990586609,0.072995652613487,1145.851847291721,0.019230769230769273,1.960782314496468,192,1422,7.40625,0.041666666666666664,0.015625,0.21875,0,0.0,6,0.010452961672473868,2,0.008928571428571428,88,0.06188466947960619,0.43410852713178294,0.03125,5.755977496483825,0.22292545710267228,0.08139534883720931,0.0,1.0,62.94881024367125,7.243594064292601,39.26412018500057,0.631755280407866,-2.59375,25.93749740625026,-0.28055555555555556,87.06869530404906,-0.03993055555555555,71.87370627328707,-0.044444444444444446,99.99775005062386,-0.1189588030334085,91.9220011285342,0.008928571428571428,0.0,-0.0014486638537271473,2.287327863866066,-0.09040787623066107,28.85348543483193,-0.008888888888888889,99.98875126548265,-4.061525362043774,35.92642279671835,-15.368213582926415,28.13025225483981,-0.0678216878647544,9.694657485028857,20.637076214988056,20.637076214988056,0.11875,118.74881251187486,0.13793018318273836,46.56981859155857,0.07502592208561695,1177.7220743785088,0.019230769230769273,1.960782314496468
SFT (500 tokens),862,252,715,0.2923433874709977,73,862,11.808219178082192,0.3561643835616438,0.1506849315068493,0.1232876712328767,3,0.0410958904109589,14,0.0472972972972973,1,0.01,36,0.04176334106728538,0.4329004329004329,0.0821917808219178,6.417633410672853,0.2737819025522042,0.07792207792207792,0.00580046403712297,0.9259259259259259,40.77677782685511,9.5767816401649,47.423457744405184,0.8032964329643297,20,252,12.6,0.35,0.35,0.25,1,0.05,2,0.02531645569620253,0,0.0,6,0.023809523809523808,0.6181818181818182,0.1,5.658730158730159,0.2222222222222222,0.01818181818181818,0.0,1.0,56.42857142857143,7.7586571428571425,42.57142857142857,0.8147783251231528,0.7917808219178077,-6.705335859060881,-0.006164383561643838,1.73076437131542,0.19931506849315067,-132.27184946863534,0.008904109589041101,-21.66613945727322,-0.02198084160109477,46.47279681746765,-0.01,99.99000099990002,-0.017953817257761573,42.98838865633405,-0.05155968032998198,18.832322927890182,-0.00580046403712297,99.98276297166369,-1.8181244973077568,18.98471089531224,-4.852029172976614,10.231284898740196,0.011481892158823115,-1.429345057963476,15.65179360171632,15.65179360171632,0.1267123287671233,102.77694414256419,0.18528138528138527,42.799901132228385,-0.05974025974025974,-76.66568279040419,0.07407407407407407,7.99999136000933,114,715,6.271929824561403,0.008771929824561403,0.03508771929824561,0.2982456140350877,0,0.0,0,0.0,2,0.013793103448275862,15,0.02097902097902098,0.7474226804123711,0.06140350877192982,5.520279720279721,0.16923076923076924,0.07731958762886598,0.0013986013986013986,0.8181818181818182,64.11363636363635,4.792354125874126,28.82832167832168,0.7187687687687688,-5.536289353520789,46.88504507899474,-0.3473924537370824,97.536838157366,-0.1155972122086037,76.71400445458926,-0.0410958904109589,99.99756672587633,-0.0472972972972973,99.9978857589868,0.0037931034482758617,-37.92724175858276,-0.0207843200882644,49.76570815466561,-0.10455113332143495,38.187604977085606,-0.004401862638521571,75.87503103276184,-4.7844275142907735,49.95861025627697,-18.595136066083505,39.21083902020808,-0.0845276641955609,10.522586121511274,23.336858536781236,23.336858536781236,0.174957942802211,141.90918034288615,0.31452224751193825,72.65447134342894,-0.000602490293211938,-0.7731859537355809,-0.1077441077441077,-11.636351069104476
SFT (500 tokens),834,130,962,0.15587529976019185,101,834,8.257425742574258,0.15841584158415842,0.0297029702970297,0.1782178217821782,9,0.0891089108910891,9,0.02821316614420063,0,0.0,18,0.02158273381294964,0.46564885496183206,0.0594059405940594,5.95083932853717,0.2302158273381295,0.06870229007633588,0.009592326139088728,1.0,58.33629266799326,7.218791050563805,38.128935149752536,0.6842292993630572,18,130,7.222222222222222,0.0,0.0,0.3333333333333333,0,0.0,0,0.0,0,0.0,5,0.038461538461538464,0.4,0.0,5.915384615384616,0.19230769230769232,0.17777777777777778,0.0,1.0,58.38333333333334,5.702758974358975,32.51282051282051,0.6281481481481482,-1.0352035203520353,12.53663583855556,-0.15841584158415842,99.99936875398474,-0.0297029702970297,99.99663344667395,-0.0891089108910891,99.99887779037147,-0.02821316614420063,99.99645568118196,0.0,0.0,0.016878804648588822,-78.20150486873595,-0.03790813503043719,16.466274628465737,-0.009592326139088728,99.98957608669296,-1.51603207620483,21.001187810728307,-5.616114636932025,14.729271792096604,-0.056081151214908975,8.1962390831149,0.047040665340077226,0.047040665340077226,0.1551155115511551,87.03654866529175,-0.06564885496183204,-14.09833037899541,0.1090754877014419,158.76312121333441,0.0,0.0,127,962,7.574803149606299,0.047244094488188976,0.007874015748031496,0.2204724409448819,11,0.08661417322834646,2,0.00546448087431694,1,0.006578947368421052,17,0.017671517671517672,0.5100671140939598,0.03937007874015748,5.824324324324325,0.22765072765072766,0.06375838926174497,0.006237006237006237,1.0,60.63873873873874,6.956665252945253,36.602945252945254,0.6609419496166483,-0.6826225929679586,8.266771407712794,-0.11117174709596944,70.17672236377078,-0.021828954548998206,73.48833954086274,-0.0024947376627426493,2.7996186258021725,-0.02274868526988369,80.62859328755899,0.006578947368421052,0.0,-0.003911216141431969,18.121128509680506,-0.002565099687401845,1.1142103368640255,-0.003355319902082491,34.97556377668625,-0.2621257976185518,3.6311587282539763,-1.5259898968072818,4.002183252147164,-0.023287349746408892,3.403437375995603,2.302446070745475,2.302446070745475,0.04225461916270368,23.709403271865373,0.04441825913212771,9.53898270531375,-0.00494390081459091,-7.196017554760139,0.0,0.0
SFT (500 tokens),217,67,269,0.3087557603686636,16,217,13.5625,0.5,0.25,0.25,4,0.25,7,0.10294117647058823,1,0.02857142857142857,9,0.041474654377880185,0.6481481481481481,0.0625,6.7050691244239635,0.35944700460829493,0.037037037037037035,0.0,1.0,33.981581798483205,12.881409100758397,58.63813651137595,0.7335714285714285,12,67,5.583333333333333,0.08333333333333333,0.0,0.16666666666666666,0,0.0,2,0.06896551724137931,0,0.0,1,0.014925373134328358,0.25,0.0,6.611940298507463,0.22388059701492538,0.5,0.0,1.0,58.477777777777774,7.427017094017094,41.06837606837607,0.681111111111111,-7.979166666666667,58.83256094629351,-0.4166666666666667,83.333166667,-0.25,99.99960000160002,-0.25,99.99960000160002,-0.03397565922920892,33.00460549220674,-0.02857142857142857,99.99650012249572,-0.026549281243551826,64.01172360456138,-0.13556640759336955,37.71516487929924,0.0,0.0,-5.454392006741303,42.3431283072043,-17.56976044299988,29.963026093029132,-0.05246031746031754,7.151348035596111,24.49619597929457,24.49619597929457,-0.08333333333333334,-33.33320000053334,-0.39814814814814814,-61.42847665320744,0.46296296296296297,1249.9662509112254,0.0,0.0,44,269,6.113636363636363,0.0,0.022727272727272728,0.25,1,0.022727272727272728,1,0.009523809523809525,0,0.0,8,0.02973977695167286,0.5227272727272727,0.045454545454545456,6.096654275092937,0.22676579925650558,0.022727272727272728,0.0,1.0,64.43130081300812,7.18918428184282,39.91869918699187,0.7021818181818181,-7.448863636363637,54.92249280839601,-0.5,99.9998000004,-0.22727272727272727,90.90872727418183,-0.22727272727272727,90.90872727418183,-0.09341736694677871,90.74741777338382,-0.02857142857142857,99.99650012249572,-0.011734877426207324,28.29341116427514,-0.13268120535178934,36.91248905286801,0.0,0.0,-5.692224818915577,44.18945421651039,-18.719437324384074,31.923656034867165,-0.03138961038961041,4.279006293998681,30.449719014524916,30.449719014524916,0.0,0.0,-0.12542087542087543,-19.350619495407845,-0.014309764309764307,-38.6353204827106,0.0,0.0
SFT (500 tokens),231,133,302,0.5757575757575758,14,231,16.5,0.6428571428571429,0.35714285714285715,0.14285714285714285,3,0.21428571428571427,10,0.13333333333333333,0,0.0,4,0.017316017316017316,0.6949152542372882,0.0,6.956709956709957,0.3852813852813853,0.01694915254237288,0.004329004329004329,1.0,25.96976822304333,14.124833792408467,62.59355055424925,0.7816483516483516,19,133,7.0,0.10526315789473684,0.0,0.5263157894736842,0,0.0,0,0.0,0,0.0,3,0.022556390977443608,1.103448275862069,0.10526315789473684,5.654135338345864,0.13533834586466165,0.27586206896551724,0.0,1.0,69.20253759398497,4.972443984962406,35.38016917293233,0.6845238095238095,-9.5,57.57575408631793,-0.5375939849624061,83.62560090988397,-0.35714285714285715,99.99972000078401,-0.21428571428571427,99.9995333355111,-0.13333333333333333,99.99925000562496,0.0,0.0,0.005240373661426292,-30.26141029829211,-0.24994303941672363,64.87268792062255,-0.004329004329004329,99.97690533486764,-9.15238980744606,64.7964379191543,-27.21338138131692,43.476333752577276,-0.09712454212454202,12.425589801836926,43.23276937094164,43.23276937094164,0.38345864661654133,268.4191736973631,0.4085330216247808,58.788813635273215,0.25891291642314435,1527.4960846275585,0.0,0.0,41,302,7.365853658536586,0.024390243902439025,0.07317073170731707,0.4146341463414634,3,0.07317073170731707,2,0.017094017094017096,0,0.0,7,0.023178807947019868,0.5795454545454546,0.024390243902439025,6.056291390728477,0.23841059602649006,0.022727272727272728,0.0,1.0,57.57084349947718,7.640852980132452,40.397699546880446,0.6550197628458498,-9.134146341463413,55.35845932047769,-0.6184668989547039,96.20581240613463,-0.28397212543554007,79.51197248842826,-0.14111498257839722,65.85335122094634,-0.11623931623931624,87.17883333823715,0.0,0.0,0.005862790631002552,-33.855660729632596,-0.14687078925489522,38.12029692134259,-0.004329004329004329,99.97690533486764,-6.483980812276014,45.90482584448276,-22.195851007368802,35.460283777206456,-0.12662858880250172,16.200178319788254,31.601075276433846,31.601075276433846,0.27177700348432055,190.2425707410292,-0.11536979969183359,-16.60197167476803,0.005778120184899847,34.08889784593618,0.0,0.0
SFT (500 tokens),270,308,361,1.1407407407407408,20,270,13.5,0.5,0.15,0.15,2,0.1,5,0.053763440860215055,0,0.0,13,0.04814814814814815,0.42168674698795183,0.0,6.381481481481481,0.2962962962962963,0.060240963855421686,0.10740740740740741,1.0,39.0145970394737,11.1856515625,52.926809210526315,0.7921266968325792,44,308,7.0,0.06818181818181818,0.022727272727272728,0.3181818181818182,0,0.0,2,0.017857142857142856,0,0.0,10,0.032467532467532464,0.875,0.045454545454545456,5.525974025974026,0.1590909090909091,0.125,0.012987012987012988,1.0,69.72186147186146,4.8986658008658015,32.65800865800866,0.6899613899613899,-6.5,48.14814458161892,-0.4318181818181818,86.36346363670908,-0.12727272727272726,84.8479191956902,-0.1,99.99900000999989,-0.0359062980030722,66.78447209453333,0.0,0.0,-0.015680615680615684,32.566756180958045,-0.1372053872053872,46.306661896834285,-0.09442039442039442,87.90782462889653,-6.286985761634199,56.20580226773156,-20.268800552517654,38.29590423434682,-0.1021653068711893,12.897580438066985,30.70726443238776,30.70726443238776,0.16818181818181818,112.12046465144778,0.45331325301204817,107.49974507203311,0.06475903614457831,107.4982155296222,0.0,0.0,52,361,6.9423076923076925,0.019230769230769232,0.057692307692307696,0.46153846153846156,0,0.0,1,0.007042253521126761,0,0.0,12,0.0332409972299169,0.8446601941747572,0.019230769230769232,6.1551246537396125,0.22714681440443213,0.06796116504854369,0.0,1.0,55.942049861495846,7.652322504155126,41.015013850415514,0.7206410256410256,-6.5576923076923075,48.57549497731377,-0.4807692307692308,96.15365384653846,-0.0923076923076923,61.5380512847863,-0.1,99.99900000999989,-0.046721187339088296,86.8997921145709,0.0,0.0,-0.014907150918231249,30.96036273033127,-0.06914948189186415,23.33787137318827,-0.10740740740740741,99.9990689741854,-3.533329058344874,31.588045834629185,-11.911795360110801,22.50616523597285,-0.07148567119155358,9.02451353202241,16.927452822022147,16.927452822022147,0.31153846153846154,207.6909230861538,0.4229734471868054,100.30489389555119,0.0077202011931220005,12.815321246249834,0.0,0.0
SFT (500 tokens),1826,301,1205,0.16484118291347208,121,1826,15.090909090909092,0.5206611570247934,0.24793388429752067,0.1322314049586777,16,0.1322314049586777,71,0.11525974025974026,4,0.015267175572519083,113,0.061883899233296825,0.4720720720720721,0.11570247933884298,6.872946330777656,0.36801752464403065,0.0036036036036036037,0.007667031763417305,1.0,26.078695706664774,13.446406304593037,60.697859053929605,0.7668317388857626,41,301,7.341463414634147,0.0975609756097561,0.12195121951219512,0.2682926829268293,1,0.024390243902439025,0,0.0,0,0.0,13,0.04318936877076412,0.8148148148148148,0.04878048780487805,5.923588039867109,0.21262458471760798,0.25925925925925924,0.009966777408637873,1.0,57.31528239202659,6.5042156810631235,36.50697674418605,0.6975396825396826,-7.749445676274945,51.35174505441713,-0.42310018141503736,81.26194226074504,-0.12598266478532555,50.81280318510846,-0.10784116105623867,81.55426129467945,-0.11525974025974026,99.99913240189353,-0.015267175572519083,99.99345042899691,-0.018694530462532707,30.20854957209693,-0.15539293992642267,42.224216858846425,0.0022997456452205677,-29.99134218760294,-6.942190623529913,51.62859094085744,-24.190882309743557,39.8545884290651,-0.06929205634608004,9.036136934732868,31.236586685361814,31.236586685361814,0.1360612779681516,102.89556331571707,0.3427427427427427,72.60374781351977,0.2556556556556556,7092.476282276111,0.0,0.0,174,1205,6.925287356321839,0.040229885057471264,0.005747126436781609,0.3390804597701149,13,0.07471264367816093,2,0.00425531914893617,0,0.0,55,0.04564315352697095,0.5877862595419847,0.040229885057471264,5.83402489626556,0.24481327800829875,0.010178117048346057,0.019087136929460582,1.0,59.11159199537791,7.763923893061611,39.90873995482956,0.6846712802768167,-8.165621734587253,54.109538029163005,-0.48043127196732216,92.27313056755236,-0.24218675786073907,97.68159835471806,-0.057518761280516764,43.49823426299419,-0.11100442111080408,96.30722556583919,-0.015267175572519083,99.99345042899691,-0.016240745706325874,26.24347119820085,-0.1232042466357319,33.47772962105709,0.011420105166043276,-148.93137533058206,-5.682482411531426,42.26022819932279,-20.78911909910005,34.25016809592475,-0.08216045860894594,10.714260678062368,33.03289628871313,33.03289628871313,0.20684905481143723,156.42841471126314,0.11571418746991263,24.511922902530305,0.0065745134447424535,182.39213427434194,0.0,0.0
SFT (500 tokens),474,189,255,0.3987341772151899,118,474,4.016949152542373,0.06779661016949153,0.00847457627118644,0.03389830508474576,7,0.059322033898305086,12,0.04597701149425287,0,0.0,24,0.05063291139240506,0.12062256809338522,0.00847457627118644,7.2594936708860756,0.3438818565400844,0.0311284046692607,0.008438818565400843,0.9411764705882353,32.22927712740827,13.4092869861935,61.76959420442018,0.7984941176470589,28,189,6.75,0.0,0.03571428571428571,0.25,1,0.03571428571428571,2,0.024390243902439025,0,0.0,11,0.0582010582010582,0.4084507042253521,0.0,6.275132275132275,0.25396825396825395,0.22535211267605634,0.005291005291005291,0.8666666666666667,55.40165631469981,8.195561582700712,42.60892569588222,0.74,2.733050847457627,-68.03795774582485,-0.06779661016949153,99.99852502175592,0.027239709443099273,-321.3906473321863,-0.023607748184019374,39.79524753317424,-0.021586767591813848,46.950198345381104,0.0,0.0,0.007568146808653135,-14.946794747893671,-0.08991360257183045,26.146578947400872,-0.0031478132743955525,37.297167587228216,-5.213725403492788,38.8814485068928,-19.16066850853796,31.019579204182385,-0.05849411764705892,7.325544809769742,23.17237918729154,23.17237918729154,0.21610169491525424,637.481194304768,0.2878281361319669,238.6168314214798,0.19422370800679564,623.9236184255891,-0.07450980392156858,-7.916658255217265,33,255,7.7272727272727275,0.06060606060606061,0.0,0.24242424242424243,1,0.030303030303030304,1,0.01,0,0.0,21,0.08235294117647059,0.4782608695652174,0.030303030303030304,6.078431372549019,0.2823529411764706,0.06521739130434782,0.0,0.8666666666666667,53.856546489563584,9.180943074003796,44.69639468690702,0.7220388349514564,3.7103235747303547,-92.36668203069559,-0.0071905495634309174,10.60590416897411,-0.00847457627118644,99.98820139223572,-0.029019003595274782,48.91692431816755,-0.03597701149425287,78.24829809951633,0.0,0.0,0.031720029784065525,-62.64582156855343,-0.06152891536361382,17.892405565859246,-0.008438818565400843,99.98815140405863,-4.228343912189704,31.532948778065627,-17.07319951751316,27.640135022758606,-0.07645528269560253,9.574921750416559,21.627269362155317,21.627269362155317,0.20852593733949668,615.1333687171381,0.3576383014718322,296.49123063160687,0.03408898663508712,109.50735164154591,-0.07450980392156858,-7.916658255217265
SFT (500 tokens),4208,199,4665,0.04729087452471483,343,4208,12.268221574344023,0.37026239067055394,0.08746355685131195,0.17784256559766765,19,0.05539358600583091,143,0.09255663430420712,6,0.011194029850746268,142,0.03374524714828897,0.37273991655076494,0.08163265306122448,6.2994296577946765,0.2958650190114068,0.0034770514603616135,0.027328897338403043,0.9619047619047619,45.28486286855596,10.296340718052392,50.96824420601381,0.7746092810771821,23,199,8.652173913043478,0.2608695652173913,0.13043478260869565,0.21739130434782608,1,0.043478260869565216,7,0.1,1,0.02857142857142857,15,0.07537688442211055,0.6481481481481481,0.13043478260869565,6.346733668341709,0.2814070351758794,0.16666666666666666,0.005025125628140704,1.0,50.174556995503835,9.110169849246233,44.644538481883096,0.7533333333333334,-3.616047661300545,29.474910806253398,-0.10939282545316265,29.5445966869828,0.0429712257573837,-49.12987306439332,-0.01191532513626569,21.509909172371948,0.007443365695792889,-8.041871156007451,0.0173773987206823,-155.22422854034562,0.041631637273821576,-123.36671716674847,-0.014457983835527433,4.886665891485842,-0.02230377171026234,81.60942368020474,-1.1861708688061583,11.52031373168653,-6.323705724130711,12.40714821271612,-0.021275947743848667,2.746664776287514,4.889694126947873,4.889694126947873,0.039548738750158435,22.237936254398345,0.2754082315973832,73.88730868237654,0.16318961520630504,4691.9839187582975,0.03809523809523807,3.9603919223648303,673,4665,6.931649331352155,0.04457652303120357,0.02526002971768202,0.3640416047548291,5,0.007429420505200594,17,0.009376723662437948,0,0.0,152,0.032583065380493034,0.6736613603473227,0.10549777117384844,5.607931404072883,0.22186495176848875,0.005065123010130246,0.017792068595927118,0.9743589743589743,63.662553024470526,6.645704949956977,35.23187355645125,0.6759228769497401,-5.336572242991869,43.499147579470886,-0.32568586763935037,87.96059125627494,-0.06220352713362993,71.11855290066205,-0.04796416550063031,86.5863777654761,-0.08317991064176916,89.86823320093035,-0.011194029850746268,99.99106746463983,-0.0011621817677959362,3.443884479032692,-0.07400006724291808,25.011343813723023,-0.009536828742475925,34.89522344116199,-3.6506357680954142,35.45565860246091,-15.73637064956256,30.8748527361617,-0.098686404127442,12.740136109503677,18.377690155914564,18.377690155914564,0.18619903915716146,104.69821527217704,0.3009214437965578,80.73206627842109,0.0015880715497686325,45.659806011137064,0.01245421245421241,1.2947435130808063
SFT (500 tokens),1376,254,2142,0.18459302325581395,138,1376,9.971014492753623,0.37681159420289856,0.07971014492753623,0.16666666666666666,12,0.08695652173913043,33,0.06653225806451613,0,0.0,43,0.03125,0.4953271028037383,0.07971014492753623,6.332848837209302,0.29941860465116277,0.011682242990654205,0.003633720930232558,1.0,45.493484504008606,9.95436939092976,47.287902357305256,0.7684702336096458,25,254,10.16,0.36,0.24,0.2,1,0.04,6,0.06315789473684211,0,0.0,14,0.05511811023622047,0.5394736842105263,0.04,6.34251968503937,0.31496062992125984,0.013157894736842105,0.0,1.0,47.58053748716195,10.231745155768575,47.263950701814444,0.7866341463414633,0.18898550724637708,-1.895348647123467,-0.016811594202898572,4.461526621333204,0.16028985507246377,-201.08838634569855,-0.04695652173913043,53.999379007141414,-0.003374363327674018,5.071694105828934,0.0,0.0,0.02386811023622047,-76.37550873962584,0.01554202527009707,-5.19071731732604,-0.003633720930232558,99.97248757142034,0.27737576483881554,-2.786472212160754,-0.02395165549081213,0.05065070301348425,0.0181639127318175,-2.3636425070198626,2.0870529831533418,2.0870529831533418,0.033333333333333354,19.999880000720008,0.04414658140678801,8.912593724624589,0.0014756517461878994,12.630497776758729,0.0,0.0,325,2142,6.590769230769231,0.046153846153846156,0.021538461538461538,0.32,9,0.027692307692307693,11,0.012971698113207548,0,0.0,58,0.02707749766573296,0.6211180124223602,0.07076923076923076,5.548085901027077,0.21101774042950514,0.09627329192546584,0.0014005602240896359,1.0,65.11987856088979,6.354586267166043,34.626376120758145,0.6720496894409937,-3.380245261984392,33.90071216358018,-0.3306577480490524,87.75124641163305,-0.05817168338907469,72.97810543551643,-0.059264214046822736,68.15306239362862,-0.05356055995130858,80.50193468561521,0.0,0.0,-0.004172502334267039,13.351580219087515,-0.08840086422165763,29.52407352372554,-0.0022331607061429224,61.43967443464881,-3.599783123763716,36.1628408667993,-12.661526236547111,26.775402032264346,-0.09642054416865209,12.547059662304816,19.626394056881182,19.626394056881182,0.15333333333333335,91.99944800331198,0.12579090961862188,25.395471992523603,0.08459104893481163,724.0374012804381,0.0,0.0
SFT (500 tokens),481,144,673,0.2993762993762994,26,481,18.5,0.7692307692307693,0.07692307692307693,0.07692307692307693,5,0.19230769230769232,14,0.08,0,0.0,28,0.058212058212058215,0.3067484662576687,0.15384615384615385,7.01039501039501,0.34511434511434513,0.0736196319018405,0.02494802494802495,1.0,23.866093366093338,13.525589604989605,63.65157815157815,0.7778703703703704,16,144,9.0,0.1875,0.0,0.3125,1,0.0625,2,0.03225806451612903,0,0.0,7,0.04861111111111111,0.37735849056603776,0.125,7.277777777777778,0.3541666666666667,0.20754716981132076,0.0,1.0,36.125,11.794036111111112,53.44444444444444,0.7850526315789477,-9.5,51.35134857560277,-0.5817307692307693,75.6249016876278,-0.07692307692307693,99.99870001689978,-0.12980769230769232,67.49964900182519,-0.04774193548387097,59.67667339642125,0.0,0.0,-0.009600947100947103,16.492772233289692,0.009052321552321552,-2.6229843675372644,-0.02494802494802495,99.99599182732759,-1.7315534938784936,12.802054597451157,-10.207133707133707,16.035947329486856,0.007182261208577234,-0.9233224774884722,12.258906633906662,12.258906633906662,0.23557692307692307,306.24601880175555,0.07061002430836905,23.01879288326351,0.13392753790948025,181.91576797119572,0.0,0.0,101,673,6.663366336633663,0.0,0.0,0.25742574257425743,2,0.019801980198019802,3,0.011494252873563218,0,0.0,27,0.04011887072808321,0.49099099099099097,0.0,6.344725111441307,0.2689450222882615,0.25675675675675674,0.017830609212481426,1.0,51.856782834101395,8.94364591013825,44.725806451612904,0.6995192307692307,-11.836633663366337,63.9818001272883,-0.7692307692307693,99.999870000169,-0.07692307692307693,99.99870001689978,-0.17250571210967253,89.70250384400971,-0.06850574712643678,85.63111351912698,0.0,0.0,-0.018093187483975003,31.08097742960907,-0.07616932282608363,22.070685614065315,-0.007117415735543524,28.527831249401043,-4.581943694851356,33.87610810252583,-18.925771699965246,29.733389103977963,-0.07835113960113971,10.072505890509136,27.990689468008057,27.990689468008057,0.1805026656511805,234.65041489114105,0.18424252473332225,60.062867258115794,0.18313712485491623,248.7578823000266,0.0,0.0
SFT (500 tokens),316,114,891,0.36075949367088606,19,316,16.63157894736842,0.631578947368421,0.05263157894736842,0.05263157894736842,4,0.21052631578947367,12,0.10084033613445378,1,0.02857142857142857,25,0.07911392405063292,0.3017241379310345,0.0,7.158227848101266,0.3639240506329114,0.06896551724137931,0.0,0.7142857142857143,22.326785714285705,13.9883373015873,65.08432539682539,0.8044943820224719,14,114,8.142857142857142,0.0,0.0,0.2857142857142857,0,0.0,0,0.0,0,0.0,1,0.008771929824561403,0.39473684210526316,0.0,6.807017543859649,0.34210526315789475,0.2894736842105263,0.0,1.0,47.15977443609022,10.476222556390976,47.616541353383454,0.637846153846154,-8.488721804511279,51.03977993296079,-0.631578947368421,99.99984166691735,-0.05263157894736842,99.99810003609932,-0.21052631578947367,99.99952500225623,-0.10084033613445378,99.99900834316726,-0.02857142857142857,99.99650012249572,-0.07034199422607151,88.91115686473161,-0.021818787475016643,5.995406866625705,0.0,0.0,-3.5121147451963246,25.10744785746134,-17.467784043441938,26.838695290382482,-0.16664822817631797,20.7146283123926,24.83298872180451,24.83298872180451,0.23308270676691728,442.84872873129694,0.09301270417422869,30.826965499801567,0.22050816696914702,319.73220598827635,0.2857142857142857,39.99994400007839,137,891,6.5036496350364965,0.058394160583941604,0.014598540145985401,0.24087591240875914,8,0.058394160583941604,7,0.01832460732984293,1,0.006802721088435374,60,0.06734006734006734,0.4427710843373494,0.0,6.041526374859708,0.2716049382716049,0.02108433734939759,0.001122334455667789,1.0,55.235599235599224,9.342034743834743,47.420966420966415,0.696627078384798,-10.127929312331926,60.895773849401756,-0.5731847867844794,90.7541142135284,-0.03803303880138302,72.26140075601339,-0.15213215520553208,72.26243047608298,-0.08251572880461086,81.82728627731684,-0.021768707482993196,76.18780961713959,-0.011773856710565578,14.881966774094865,-0.09231911236130647,25.36761682130756,0.001122334455667789,0.0,-4.646302557752557,33.21554324451338,-17.663358975858976,27.13918996128773,-0.10786730363767394,13.408069958897647,32.90881352131352,32.90881352131352,0.18824433346139072,357.65743808531874,0.14104694640631493,46.74683301944638,-0.04788117989198172,-69.42670415616323,0.2857142857142857,39.99994400007839
SFT (500 tokens),262,327,556,1.248091603053435,20,262,13.1,0.4,0.15,0.05,1,0.05,3,0.03409090909090909,0,0.0,10,0.03816793893129771,0.4782608695652174,0.15,6.366412213740458,0.27099236641221375,0.043478260869565216,0.007633587786259542,1.0,41.4895038167939,9.779693893129771,48.43606870229008,0.8179342723004694,48,327,6.8125,0.08333333333333333,0.16666666666666666,0.2916666666666667,0,0.0,0,0.0,0,0.0,3,0.009174311926605505,1.0757575757575757,0.020833333333333332,5.238532110091743,0.14678899082568808,0.18181818181818182,0.0030581039755351682,1.0,69.7263823456484,4.369842449789239,29.938755269030498,0.6759712230215826,-6.2875,47.99617954227637,-0.3166666666666667,79.1664687504948,0.016666666666666663,-11.11103703753086,-0.05,99.9980000399992,-0.03409090909090909,99.99706675270859,0.0,0.0,-0.028993627004692206,75.96131256590435,-0.12420337558652567,45.83262580590157,-0.004575483810724373,59.93098696119738,-5.409851443340532,55.3171801621434,-18.49731343325958,38.18912960310861,-0.1419630492788868,17.356269387871137,28.236878528854504,28.236878528854504,0.2416666666666667,483.32366685999614,0.5974967061923583,124.93086825749585,0.1383399209486166,318.1745001683143,0.0,0.0,79,556,7.037974683544304,0.0379746835443038,0.012658227848101266,0.24050632911392406,1,0.012658227848101266,0,0.0,0,0.0,6,0.01079136690647482,0.6280487804878049,0.06329113924050633,5.528776978417266,0.19784172661870503,0.006097560975609756,0.0017985611510791368,1.0,62.01159072741805,5.840723900879297,32.182653876898485,0.7018934911242602,-6.062025316455696,46.27499888324967,-0.36202531645569624,90.50610284866694,-0.13734177215189872,91.56057103079227,-0.03734177215189874,74.68205066278422,-0.03409090909090909,99.99706675270859,0.0,0.0,-0.02737657202482289,71.72473951686062,-0.07315063979350872,26.993516764627273,-0.005835026635180405,76.42883674324995,-3.938969992250474,40.27702331508929,-16.253414825391594,33.55642793746976,-0.1160407811762092,14.187037178362626,20.522086910624154,20.522086910624154,0.19050632911392407,381.0050381270856,0.14978791092258747,31.319224979979698,-0.03738069989395546,-85.97363236255322,0.0,0.0
SFT (500 tokens),1338,291,1602,0.21748878923766815,147,1338,9.10204081632653,0.25170068027210885,0.1360544217687075,0.4013605442176871,11,0.07482993197278912,6,0.012422360248447204,1,0.004081632653061225,24,0.017937219730941704,0.7205882352941176,0.10204081632653061,5.7757847533632285,0.22869955156950672,0.0058823529411764705,0.0037369207772795215,0.9565217391304348,57.662927591595775,7.75269575273485,41.60005209237715,0.747478665632273,36,291,8.083333333333334,0.05555555555555555,0.19444444444444445,0.5277777777777778,2,0.05555555555555555,0,0.0,1,0.018518518518518517,4,0.013745704467353952,0.8709677419354839,0.1388888888888889,5.982817869415808,0.23711340206185566,0.12903225806451613,0.003436426116838488,1.0,57.65767131594906,7.526516393774006,39.14301596927431,0.7631404958677687,-1.0187074829931966,11.192076498329406,-0.1961451247165533,77.92761832360648,0.05839002267573695,-42.91635123148511,-0.019274376417233563,25.757231547299632,-0.012422360248447204,99.99195064797284,0.014436885865457293,-353.6170675221607,-0.004191515263587752,23.36639491798504,0.00841385049234894,-3.6789812856187187,-0.00030049466044103357,8.03908585402752,-0.2261793589608434,2.9174281695083213,-2.4570361231028386,5.906329296375512,0.01566183023549561,-2.095285123542148,-0.00525627564671538,-0.00525627564671538,0.1264172335600907,31.49709666542583,0.15037950664136623,20.868963797382698,0.12314990512333965,2093.192544364232,0.04347826086956519,4.545449793393395,286,1602,5.601398601398602,0.01048951048951049,0.024475524475524476,0.3916083916083916,1,0.0034965034965034965,4,0.006172839506172839,0,0.0,30,0.018726591760299626,0.7413394919168591,0.06293706293706294,5.521847690387016,0.19225967540574282,0.17782909930715934,0.01435705368289638,1.0,66.9791015898177,5.843676236654389,33.613595039395776,0.7005666452028332,-3.500642214927929,38.459966297328485,-0.24121116978259835,95.83216509394397,-0.11157889729318302,82.00988673782199,-0.07133342847628561,95.326125969171,-0.006249520742274365,50.30459245561597,-0.004081632653061225,99.97550600102974,0.0007893720293579223,-4.400503735587158,-0.0364398761637639,15.933444809681225,0.010620132905616858,-284.118726383127,-1.9090195160804608,24.623941538884946,-7.986457052981372,19.198189567803272,-0.04691202042943987,6.276026303639745,9.316173998221927,9.316173998221927,-0.009752152609295461,-2.4297675623866377,0.020751256622741465,2.8797622287920492,0.17194674636598287,2922.597846587789,0.04347826086956519,4.545449793393395
SFT (500 tokens),1098,158,1255,0.14389799635701275,72,1098,15.25,0.5277777777777778,0.16666666666666666,0.25,3,0.041666666666666664,46,0.11138014527845036,0,0.0,89,0.08105646630236794,0.3726027397260274,0.08333333333333333,6.858834244080145,0.33697632058287796,0.049315068493150684,0.02185792349726776,1.0,30.966095380029827,12.153339526411658,56.70922338135453,0.7890562440419447,17,158,9.294117647058824,0.17647058823529413,0.17647058823529413,0.35294117647058826,0,0.0,0,0.0,0,0.0,11,0.06962025316455696,0.75,0.058823529411764705,5.80379746835443,0.17721518987341772,0.25,0.006329113924050633,1.0,59.50147679324894,5.633388523206751,35.2168776371308,0.7011009174311928,-5.955882352941176,39.05496368781337,-0.35130718954248363,66.56334137224482,0.009803921568627472,-5.882317647270599,-0.041666666666666664,99.99760005759862,-0.11138014527845036,99.99910218197388,0.0,0.0,-0.011436213137810985,14.108772034830922,-0.15976113070946024,47.410054312592166,-0.015528809573217128,71.041053669263,-6.519951003204907,53.647398334933015,-21.492345744223734,37.89920595579547,-0.0879553266107519,11.14688791908187,28.535381413219113,28.535381413219113,0.10294117647058826,41.17630588301178,0.3773972602739726,101.28649287080958,0.20068493150684932,406.9361926827595,0.0,0.0,169,1255,7.42603550295858,0.04142011834319527,0.0,0.3254437869822485,4,0.023668639053254437,5,0.00980392156862745,0,0.0,57,0.04541832669322709,0.5788235294117647,0.047337278106508875,5.780876494023905,0.21593625498007968,0.12470588235294118,0.05976095617529881,1.0,59.751034571391855,6.653609330420254,35.98522040868783,0.7160364842454395,-7.82396449704142,51.304681862259685,-0.48635765943458253,92.15180297366263,-0.16666666666666666,99.99940000359999,-0.017998027613412227,43.19422961067869,-0.10157622370982292,91.19696467107124,0.0,0.0,-0.035638139609140855,43.96651071747076,-0.12104006560279829,35.91935071281127,0.03790303267803105,-173.39844152329235,-5.499730195991404,45.25282727032442,-20.724002972666703,36.54432448820542,-0.07301975979650521,9.254051001732345,28.784939191362028,28.784939191362028,0.07544378698224852,30.17739408332308,0.20622078968573732,55.34587222269155,0.07539081385979049,152.87271707447894,0.0,0.0
SFT (500 tokens),3210,128,4270,0.03987538940809969,232,3210,13.836206896551724,0.521551724137931,0.23275862068965517,0.2413793103448276,12,0.05172413793103448,92,0.08318264014466546,2,0.0045045045045045045,133,0.041433021806853584,0.4895259095920617,0.09051724137931035,6.0398753894081,0.2722741433021807,0.008820286659316428,0.014641744548286604,1.0,51.679495192307684,9.394902403846155,47.05769230769231,0.787782347358431,20,128,6.4,0.0,0.0,0.25,0,0.0,2,0.03636363636363636,0,0.0,15,0.1171875,0.46808510638297873,0.0,6.1953125,0.2890625,0.1276595744680851,0.03125,1.0,57.755744485294116,8.927589522058826,42.685661764705884,0.6210126582278481,-7.436206896551724,53.74454440226346,-0.521551724137931,99.99980826483042,-0.23275862068965517,99.99957037221617,-0.05172413793103448,99.99806670404372,-0.0468190037810291,56.28390834977374,-0.0045045045045045045,99.97780492730614,0.07575447819314642,-182.8315835384725,0.016788356697819307,-6.16595275433828,0.016608255451713398,-113.42310450711774,-0.4673128817873291,4.974110554409928,-4.372030542986423,9.290788042667929,-0.16676968913058288,21.169486469825678,6.076249292986432,6.076249292986432,0.008620689655172403,3.571413775571497,-0.02144080320908298,-4.379902879486295,0.11883928780876866,1347.1876881277733,0.0,0.0,591,4270,7.225042301184433,0.05583756345177665,0.023688663282571912,0.32825719120135366,2,0.00338409475465313,15,0.009259259259259259,1,0.0013020833333333333,101,0.023653395784543327,0.6416040100250626,0.05583756345177665,5.485480093676815,0.19086651053864168,0.12949039264828738,0.01920374707259953,1.0,68.81903504941849,5.760538276505379,33.7478267772794,0.6713006396588486,-6.611164595367291,47.78162228261208,-0.4657141606861544,89.29378356827267,-0.20906995740708326,89.82226246443408,-0.04834004317638135,93.45560999921064,-0.0739233808854062,88.86769172020526,-0.0032024211711711714,71.0779706905067,-0.017779626022310258,42.91069330703817,-0.08140763276353902,29.899032198172392,0.004562002524312927,-31.15537875614133,-3.634364127340776,38.68442251202831,-13.309865530412907,28.284143558386454,-0.11648170769958244,14.786007865000578,17.139539857110805,17.139539857110805,0.08687788085652606,35.99211581608099,0.1520781004330009,31.066341288517197,0.12067010598897095,1367.942236198929,0.0,0.0
SFT (500 tokens),769,120,1617,0.15604681404421328,98,769,7.846938775510204,0.15306122448979592,0.030612244897959183,0.12244897959183673,6,0.061224489795918366,21,0.06287425149700598,0,0.0,42,0.054616384915474644,0.35106382978723405,0.061224489795918366,7.215864759427828,0.33940182054616386,0.1347517730496454,0.005201560468140442,0.8947368421052632,36.51147822355719,11.210420606340666,50.38682686118858,0.7240555555555555,16,120,7.5,0.0625,0.1875,0.25,0,0.0,1,0.023255813953488372,0,0.0,1,0.008333333333333333,0.8,0.0,5.783333333333333,0.21666666666666667,0.13333333333333333,0.016666666666666666,1.0,63.287499999999994,6.260766666666669,34.66666666666667,0.6760563380281691,-0.34693877551020424,4.421325834473433,-0.09056122448979592,59.166280113636596,0.1568877551020408,-512.4832588802099,-0.061224489795918366,99.99836669334401,-0.03961843754351761,63.01117943902646,0.0,0.0,-0.04628305158214131,84.74051193364261,-0.12273515387949718,36.16209013289664,0.011465106198526224,-220.37429970754786,-4.949653939673997,44.15225504877043,-15.72016019452191,31.198947942961624,-0.04799921752738634,6.629208334500529,26.776021776442803,26.776021776442803,0.12755102040816327,104.16581597916952,0.448936170212766,127.87842361903576,-0.0014184397163120588,-1.052623767370991,0.10526315789473684,11.764692733578709,231,1617,7.0,0.06060606060606061,0.004329004329004329,0.24675324675324675,3,0.012987012987012988,8,0.012030075187969926,0,0.0,38,0.02350030921459493,0.46950092421441775,0.06493506493506493,5.892393320964749,0.20655534941249226,0.059149722735674676,0.006184291898577613,1.0,60.48197853833173,6.787148624383514,38.181286767790716,0.6690051020408163,-0.8469387755102042,10.793236595920435,-0.09245516388373531,60.40364576688806,-0.026283240568954855,85.8557812363988,-0.048237476808905375,78.78659194021043,-0.05084417630903606,80.86516570268856,0.0,0.0,-0.031116075700879715,56.97100977836025,-0.1328464711336716,39.14123958071306,0.0009827314304371709,-18.889380266798316,-4.423271981957152,39.456785277864384,-12.205540093397865,24.223672359417204,-0.05505045351473914,7.60305988425171,23.97050031477454,23.97050031477454,0.12430426716141002,101.51432248151792,0.1184370944271837,33.73653079944338,-0.07560205031397071,-56.10426309083638,0.10526315789473684,11.764692733578709
SFT (500 tokens),493,141,637,0.28600405679513186,51,493,9.666666666666666,0.23529411764705882,0.09803921568627451,0.27450980392156865,1,0.0196078431372549,16,0.09090909090909091,1,0.01282051282051282,34,0.06896551724137931,0.5306122448979592,0.0392156862745098,6.657200811359027,0.3204868154158215,0.034013605442176874,0.0,1.0,41.1275185577943,10.846016295510783,49.9232944503358,0.7405405405405405,15,141,9.4,0.2,0.06666666666666667,0.4666666666666667,0,0.0,4,0.08695652173913043,0,0.0,7,0.04964539007092199,0.7027027027027027,0.13333333333333333,6.198581560283688,0.2198581560283688,0.13513513513513514,0.0,1.0,55.67446808510637,6.984552340425531,37.05957446808511,0.6884782608695652,-0.2666666666666657,2.7586204042806384,-0.03529411764705881,14.999936250270931,-0.03137254901960784,31.99967360332925,-0.0196078431372549,99.99490026008672,-0.003952569169960479,4.347778261395652,-0.01282051282051282,99.99220060835256,-0.01932012717045732,28.013778197379253,-0.10062865938745272,31.398591318328478,0.0,0.0,-3.8614639550852514,35.6025981692241,-12.863719982250693,25.76696883932202,-0.05206227967097532,7.0302983453127705,14.546949527312066,14.546949527312066,0.19215686274509802,69.99974500092891,0.17209045780474352,32.4323713098865,0.10112152969295826,297.28855701372106,0.0,0.0,96,637,6.635416666666667,0.03125,0.010416666666666666,0.34375,0,0.0,2,0.008298755186721992,0,0.0,44,0.06907378335949764,0.5898876404494382,0.08333333333333333,6.342229199372056,0.27001569858712715,0.30337078651685395,0.0,1.0,52.10519022423783,8.507256464523131,41.773145725526675,0.7111224489795918,-3.031249999999999,31.35775537678392,-0.20404411764705882,86.71838144687885,-0.08762254901960784,89.37408838429847,-0.0196078431372549,99.99490026008672,-0.08261033572236892,90.87036972053887,-0.01282051282051282,99.99220060835256,0.00010826611811833031,-0.1569835950094513,-0.05047111682869437,15.748217061921652,0.0,0.0,-2.3387598309876516,21.563305379898992,-8.150148724809128,16.32534200975771,-0.029418091560948767,3.972510649365563,10.977671666443527,10.977671666443527,0.06924019607843135,25.223122401482673,0.05927539555147898,11.171111185299958,0.2693571810746771,791.8868308867225,0.0,0.0
SFT (500 tokens),180,314,187,1.7444444444444445,11,180,16.363636363636363,0.7272727272727273,0.0,0.18181818181818182,1,0.09090909090909091,10,0.16393442622950818,0,0.0,6,0.03333333333333333,0.40384615384615385,0.2727272727272727,7.061111111111111,0.37222222222222223,0.0,0.005555555555555556,1.0,29.73636363636362,13.175999999999998,59.6969696969697,0.7441221374045801,44,314,7.136363636363637,0.09090909090909091,0.022727272727272728,0.2727272727272727,1,0.022727272727272728,2,0.01818181818181818,0,0.0,4,0.012738853503184714,0.8625,0.045454545454545456,5.382165605095541,0.17197452229299362,0.1625,0.0,1.0,72.47643312101911,4.346819363057325,28.23216560509554,0.634943396226415,-9.227272727272727,56.38888544290144,-0.6363636363636364,87.49987968766543,0.022727272727272728,0.0,-0.06818181818181818,74.99917500907489,-0.14575260804769,88.90854856694465,0.0,0.0,-0.02059447983014862,61.78158604286457,-0.2002476999292286,53.79774500197036,-0.005555555555555556,99.98200323941691,-8.829180636942674,67.00956258991386,-31.464804091874164,52.70753896641419,-0.10917874117816506,14.672133641613206,42.74006948465549,42.74006948465549,0.09090909090909088,49.99972500151247,0.4586538461538462,113.57114734763516,0.1625,0.0,0.0,0.0,27,187,6.925925925925926,0.0,0.0,0.2222222222222222,0,0.0,0,0.0,0,0.0,4,0.0213903743315508,0.5166666666666667,0.1111111111111111,5.925133689839572,0.2192513368983957,0.25,0.0,1.0,65.50592885375495,6.706119925598699,37.00744013020228,0.6433333333333333,-9.437710437710438,57.67489359476473,-0.7272727272727273,99.99986250018907,0.0,0.0,-0.09090909090909091,99.99890001209987,-0.16393442622950818,99.99939000372098,0.0,0.0,-0.011942959001782532,35.82780217128246,-0.15297088532382652,41.096545350010665,-0.005555555555555556,99.98200323941691,-6.469880074401299,49.103518392274715,-22.68952956676742,38.007840769580575,-0.1007888040712468,13.54464053124152,35.76956521739133,35.76956521739133,0.04040404040404039,22.222100000672206,0.11282051282051286,27.936438760564354,0.25,0.0,0.0,0.0
SFT (500 tokens),471,283,643,0.6008492569002123,32,471,14.71875,0.46875,0.03125,0.125,2,0.0625,17,0.09770114942528736,0,0.0,11,0.02335456475583864,0.3,0.0625,6.176220806794055,0.3036093418259023,0.025,0.0021231422505307855,1.0,49.79246284501059,10.174677707006369,49.17675159235669,0.7841232227488151,39,283,7.256410256410256,0.07692307692307693,0.0,0.23076923076923078,2,0.05128205128205128,2,0.017857142857142856,0,0.0,0,0.0,0.4489795918367347,0.05128205128205128,5.208480565371024,0.18374558303886926,0.08163265306122448,0.007067137809187279,1.0,75.24255319148935,5.4084053900709215,33.29113475177305,0.687948717948718,-7.462339743589744,50.6995447072224,-0.3918269230769231,83.5895652653377,-0.03125,99.99680010239672,-0.01121794871794872,17.948430773825567,-0.0798440065681445,81.72185262843276,0.0,0.0,-0.02335456475583864,99.99571836515,-0.11986375878703306,39.479471636630194,0.004943995558656494,-232.75256435490968,-4.7662723169354475,46.84445036729615,-15.885616840583637,32.30310259049652,-0.09617450480009704,12.265212833618252,25.45009034647876,25.45009034647876,0.10576923076923078,84.61470769772305,0.1489795918367347,49.6596984132502,0.05663265306122448,226.5215513828426,0.0,0.0,95,643,6.768421052631579,0.031578947368421054,0.0,0.23157894736842105,3,0.031578947368421054,2,0.00816326530612245,0,0.0,1,0.0015552099533437014,0.5490196078431373,0.05263157894736842,5.363919129082426,0.2192846034214619,0.10784313725490197,0.0,1.0,69.82396862823795,6.355371792170438,34.2856736734728,0.6861952861952862,-7.950328947368421,54.014970070275815,-0.43717105263157896,93.26295893375779,-0.03125,99.99680010239672,-0.030921052631578946,49.472892644244006,-0.08953788411916491,91.64371986271843,0.0,0.0,-0.02179935480249494,93.33687722984875,-0.08432473840444044,27.774000680383388,-0.0021231422505307855,99.9529221736562,-3.8193059148359314,37.5373613734449,-14.891077918883887,30.280726428443224,-0.09792793655352883,12.488829411522833,20.03150578322736,20.03150578322736,0.10657894736842105,85.26247579493048,0.24901960784313731,83.00625926018158,0.08284313725490197,331.3592946478219,0.0,0.0
SFT (500 tokens),1016,200,513,0.1968503937007874,82,1016,12.390243902439025,0.4024390243902439,0.036585365853658534,0.14634146341463414,5,0.06097560975609756,41,0.1,0,0.0,69,0.06791338582677166,0.23622047244094488,0.024390243902439025,6.647637795275591,0.3464566929133858,0.007874015748031496,0.010826771653543307,0.84,35.98101762960377,12.08104862977832,55.52046604992145,0.7276111685625646,27,200,7.407407407407407,0.07407407407407407,0.0,0.2962962962962963,1,0.037037037037037035,3,0.03225806451612903,0,0.0,9,0.045,0.3058823529411765,0.07407407407407407,6.13,0.29,0.11764705882352941,0.025,1.0,54.12249999999999,9.108300000000002,44.0,0.7103311258278147,-4.982836495031617,40.215803111775,-0.32836495031616986,81.59351217953315,-0.036585365853658534,99.99726674137574,-0.023938572719060525,39.25861541796641,-0.06774193548387097,67.74125807129026,0.0,0.0,-0.02291338582677166,33.73863364562632,-0.05645669291338584,16.29540751098287,0.014173228346456694,-130.89700078610923,-2.9727486297783177,24.60670819901984,-11.520466049921453,20.749944411603703,-0.017280042734749923,2.374897435935897,18.14148237039622,18.14148237039622,0.14995483288166214,102.46843560149253,0.06966188050023162,29.49007123712981,0.10977304307549791,1393.9406166005153,0.16000000000000003,19.047596371909084,76,513,6.75,0.02631578947368421,0.0,0.3026315789473684,3,0.039473684210526314,3,0.013157894736842105,0,0.0,20,0.03898635477582846,0.3645833333333333,0.02631578947368421,5.94541910331384,0.23976608187134502,0.0625,0.003898635477582846,1.0,57.713244378552005,7.772221173434369,40.75361721988853,0.6665086206896551,-5.640243902439025,45.52164986931567,-0.37612323491655975,93.4606928042115,-0.036585365853658534,99.99726674137574,-0.021501925545571246,35.26257958843159,-0.0868421052631579,86.84123685078939,0.0,0.0,-0.0289270310509432,42.59337796962046,-0.1066906110420408,30.794701120610817,-0.006928136175960461,63.98487516767387,-4.30882745634395,35.666002445045955,-14.76684883003292,26.597126455646077,-0.061102547872909474,8.397680868040004,21.732226748948236,21.732226748948236,0.15629011553273428,106.79751583101024,0.12836286089238844,54.34004773824235,0.054625984251968504,693.6619049380729,0.16000000000000003,19.047596371909084
SFT (500 tokens),126,129,216,1.0238095238095237,18,126,7.0,0.16666666666666666,0.0,0.05555555555555555,2,0.1111111111111111,4,0.08,0,0.0,9,0.07142857142857142,0.3125,0.05555555555555555,7.436507936507937,0.3888888888888889,0.0,0.0,1.0,36.129120879120904,12.840315750915751,54.930402930402934,0.6932467532467533,18,129,7.166666666666667,0.05555555555555555,0.0,0.1111111111111111,0,0.0,0,0.0,0,0.0,9,0.06976744186046512,0.35555555555555557,0.0,6.5813953488372094,0.2868217054263566,0.28888888888888886,0.0,1.0,56.740310077519396,8.597917829457364,42.05038759689922,0.59425,0.16666666666666696,-2.3809520408163793,-0.1111111111111111,66.66626666906666,0.0,0.0,-0.1111111111111111,99.99910000809993,-0.08,99.99875001562481,0.0,0.0,-0.0016611295681063093,2.3255488376651057,-0.1020671834625323,26.245779686931968,0.0,0.0,-4.242397921458387,33.03966719633942,-12.880015333503714,23.44788024829155,-0.09899675324675339,14.28014051010082,20.611189198398492,20.611189198398492,0.05555555555555555,99.99820003239942,0.04305555555555557,13.777733689029978,0.28888888888888886,0.0,0.0,0.0,40,216,5.4,0.0,0.025,0.35,0,0.0,1,0.010638297872340425,0,0.0,9,0.041666666666666664,0.4146341463414634,0.025,6.444444444444445,0.2916666666666667,0.18292682926829268,0.0,1.0,58.23750000000001,8.961154814814815,42.84814814814815,0.6663473053892216,-1.5999999999999996,22.857139591837196,-0.16666666666666666,99.99940000359999,0.025,0.0,-0.1111111111111111,99.99910000809993,-0.06936170212765957,86.70104389652576,0.0,0.0,-0.02976190476190476,41.666083341499885,-0.09722222222222221,24.99993571445102,0.0,0.0,-3.879160936100936,30.2107884980663,-12.082254782254786,21.995568788394596,-0.026899447857531733,3.8802070012561862,22.108379120879107,22.108379120879107,0.2944444444444444,529.9904601717168,0.1021341463414634,32.68282224423711,0.18292682926829268,0.0,0.0,0.0
SFT (500 tokens),1751,129,1831,0.07367218732153055,142,1751,12.330985915492958,0.43661971830985913,0.09154929577464789,0.04929577464788732,18,0.1267605633802817,99,0.14820359281437126,1,0.005847953216374269,128,0.07310108509423187,0.2671875,0.0,7.712164477441462,0.3986293546544831,0.01875,0.006853226727584237,0.9719626168224299,23.120103092783495,13.827788636884305,60.54083619702176,0.7410458284371327,17,129,7.588235294117647,0.058823529411764705,0.0,0.11764705882352941,0,0.0,1,0.02040816326530612,0,0.0,6,0.046511627906976744,0.4186046511627907,0.0,6.124031007751938,0.20930232558139536,0.27906976744186046,0.0,1.0,61.65581395348838,6.834857984496124,39.607751937984496,0.627,-4.742750621375311,38.46205217699487,-0.3777961888980944,86.52731605603324,-0.09154929577464789,99.99890770423893,-0.1267605633802817,99.99921111733453,-0.12779542954906514,86.22906154408525,-0.005847953216374269,99.98290292360007,-0.026589457187255125,36.37304893968499,-0.18932702907308777,47.494383421249715,-0.006853226727584237,99.98541046219006,-6.992930652388181,50.57157243508542,-20.933084259037265,34.57680010422295,-0.11404582843713273,15.389827479277566,38.53571086070488,38.53571086070488,0.0683512841756421,138.6526495168409,0.1514171511627907,56.670534533780724,0.2603197674418605,1388.2980504605646,0.028037383177570097,2.8846124167929945,306,1831,5.983660130718954,0.0032679738562091504,0.0032679738562091504,0.13398692810457516,7,0.02287581699346405,10,0.013550135501355014,0,0.0,54,0.02949208083014746,0.46646341463414637,0.07516339869281045,6.4210813762971055,0.2534134352812671,0.21341463414634146,0.002184598580010923,0.984375,58.85483449523993,7.931088603034878,41.36935993403369,0.6713243546576879,-6.347325784774004,51.474596707251926,-0.43335174445365,99.2513012509202,-0.08828132191843874,96.42931371379098,-0.10388474638681763,81.9528756324706,-0.13465345731301626,90.85646723625628,-0.005847953216374269,99.98290292360007,-0.04360900426408441,59.65493899096098,-0.14521591937321604,36.42871589623009,-0.004668628147573314,68.11312687957677,-5.896700033849427,42.64383671357383,-19.171476262988072,31.66701544049872,-0.06972147377944482,9.40851119037745,35.73473140245643,35.73473140245643,0.08469115345668785,171.79856909830792,0.19927591463414634,74.58251932030994,0.19466463414634147,1038.1560137930855,0.012412383177570097,1.2770419553510655
SFT (500 tokens),451,125,570,0.2771618625277162,37,451,12.18918918918919,0.5135135135135135,0.05405405405405406,0.13513513513513514,4,0.10810810810810811,30,0.17751479289940827,0,0.0,39,0.08647450110864745,0.3469387755102041,0.0,6.7073170731707314,0.35476718403547675,0.0,0.008869179600886918,1.0,41.928668646374646,11.413406780499876,51.002289037366985,0.6673631840796019,18,125,6.944444444444445,0.05555555555555555,0.0,0.16666666666666666,1,0.05555555555555555,1,0.020833333333333332,0,0.0,4,0.032,0.35714285714285715,0.0,5.912,0.28,0.047619047619047616,0.032,1.0,60.42362428842506,8.35336679316888,41.16508538899431,0.6171052631578946,-5.244744744744745,43.02783583930295,-0.4579579579579579,89.1811128812246,-0.05405405405405406,99.99815003422437,-0.05255255255255256,48.61066146249259,-0.15668145956607493,88.26339167178247,0.0,0.0,-0.05447450110864745,62.994143324137454,-0.07476718403547672,21.0749405950112,0.023130820399113083,-260.7705981150625,-3.060039987330997,26.81092313690185,-9.837203648372679,19.287768531894198,-0.05025792092170733,7.530808832814537,18.494955642050414,18.494955642050414,0.031531531531531515,23.333160667944377,0.010204081632653073,2.9411679931040235,0.047619047619047616,0.0,0.0,0.0,76,570,7.5,0.039473684210526314,0.013157894736842105,0.15789473684210525,0,0.0,12,0.05286343612334802,0,0.0,45,0.07894736842105263,0.4256410256410256,0.039473684210526314,6.180701754385965,0.28421052631578947,0.28205128205128205,0.007017543859649123,1.0,60.72807017543862,8.356140350877192,40.54824561403508,0.6114011516314779,-4.6891891891891895,38.470063362766425,-0.47403982930298716,92.31283962347297,-0.04089615931721195,75.65649509168291,-0.10810810810810811,99.99907500855618,-0.12465135677606026,70.21986874525335,0.0,0.0,-0.00752713268759482,8.70435278326721,-0.07055665771968728,19.888101835149804,-0.001851635741237795,20.87483934432007,-3.0572664296226844,26.78662226408934,-10.454043423331903,20.49720397980702,-0.05596203244812403,8.385531286085468,18.79940152906397,18.79940152906397,0.022759601706970112,16.8419806325012,0.07870225013082155,22.684700828863825,0.28205128205128205,0.0,0.0,0.0
SFT (500 tokens),1297,204,1047,0.15728604471858135,172,1297,7.540697674418604,0.20348837209302326,0.023255813953488372,0.040697674418604654,4,0.023255813953488372,16,0.03361344537815126,0,0.0,27,0.02081727062451812,0.2561247216035635,0.06395348837209303,6.043947571318427,0.26676946800308404,0.0467706013363029,0.005397070161912105,0.984375,53.07012491888382,9.189732877537777,46.801381292296284,0.7857051282051282,37,204,5.513513513513513,0.08108108108108109,0.0,0.2702702702702703,0,0.0,0,0.0,0,0.0,2,0.00980392156862745,0.421875,0.08108108108108109,5.392156862745098,0.18627450980392157,0.078125,0.0,1.0,66.61134453781513,5.650181232492998,33.26610644257703,0.7579354838709677,-2.027184160905091,26.883240511680956,-0.12240729101194217,60.154144539786984,-0.023255813953488372,99.99570018489204,-0.023255813953488372,99.99570018489204,-0.03361344537815126,99.9970250885036,0.0,0.0,-0.01101334905589067,52.902324379048146,-0.08049495819916247,30.173863996906846,-0.005397070161912105,99.98147486101504,-3.539551645044779,38.51636720075661,-13.53527484971925,28.920673251027495,-0.027769644334160515,3.534355064481635,13.541219618931308,13.541219618931308,0.22957259585166562,564.0788038706261,0.16575027839643652,64.71442124543357,0.0313543986636971,67.03725715578747,0.015625,1.587299974806375,158,1047,6.6265822784810124,0.05063291139240506,0.006329113924050633,0.27848101265822783,0,0.0,2,0.004454342984409799,1,0.007246376811594203,9,0.008595988538681949,0.3699731903485255,0.0379746835443038,5.33810888252149,0.17191977077363896,0.10187667560321716,0.0,1.0,71.61519036919461,5.58834800217133,35.70811431084359,0.7678557114228456,-0.9141153959375918,12.122423072528768,-0.1528554607006182,75.11717153991795,-0.01692670002943774,72.78168051432017,-0.023255813953488372,99.99570018489204,-0.02915910239374146,86.74574893535002,0.007246376811594203,0.0,-0.012221282085836171,58.70459802478938,-0.09484969722944508,35.55479657828863,-0.005397070161912105,99.98147486101504,-3.6013848753664472,39.18921835341954,-11.093266981452693,23.702861834657167,-0.01784941678228258,2.271767540245345,18.545065450310787,18.545065450310787,0.23778333823962317,584.2532751654556,0.11384846874496202,44.450228595618746,0.05510607426691426,117.8195158867532,0.015625,1.587299974806375
SFT (500 tokens),279,269,296,0.96415770609319,21,279,13.285714285714286,0.3333333333333333,0.14285714285714285,0.09523809523809523,1,0.047619047619047616,8,0.09302325581395349,0,0.0,14,0.05017921146953405,0.43209876543209874,0.42857142857142855,6.526881720430108,0.3046594982078853,0.0,0.04659498207885305,1.0,44.081935483870964,9.649446623655916,45.56860215053763,0.770695652173913,36,269,7.472222222222222,0.08333333333333333,0.1388888888888889,0.3333333333333333,0,0.0,1,0.009900990099009901,0,0.0,10,0.03717472118959108,0.8571428571428571,0.4722222222222222,5.821561338289963,0.21561338289962825,0.31746031746031744,0.007434944237918215,1.0,65.52689700415482,6.014018062541002,33.5623223267002,0.6579999999999999,-5.813492063492064,43.75746385099137,-0.25,74.999775000675,-0.003968253968253954,2.777758333469434,-0.047619047619047616,99.99790004409907,-0.08312226571494359,89.35547507220734,0.0,0.0,-0.013004490279942972,25.915574883215463,-0.08904611530825704,29.227981911687273,-0.03916003784093483,84.04166216448752,-3.6354285611149137,37.67499138709815,-12.006279823837431,26.34770213204523,-0.11269565217391309,14.62256931518142,21.444961520283854,21.444961520283854,0.23809523809523808,249.99737502756224,0.42504409171075835,98.36711928915659,0.31746031746031744,0.0,0.0,0.0,40,296,7.4,0.05,0.075,0.4,0,0.0,1,0.00980392156862745,0,0.0,9,0.030405405405405407,0.9411764705882353,0.325,6.091216216216216,0.24662162162162163,0.0,0.0,1.0,55.80552668052668,7.289140263340263,35.96812196812197,0.6557085020242915,-5.885714285714286,44.30107193432792,-0.2833333333333333,84.999745000765,-0.06785714285714285,47.49966750232748,-0.047619047619047616,99.99790004409907,-0.08321933424532604,89.45982262063232,0.0,0.0,-0.019773806064128645,39.40558535934813,-0.058037876586263665,19.050016962376752,-0.04659498207885305,99.99785389221262,-2.3603063603156524,24.460533414672252,-9.600480182415659,21.068190637093053,-0.11498715014962146,14.91989744931107,11.723591196655718,11.723591196655718,0.3047619047619048,319.99664003527965,0.5090777051561366,117.81485339318807,0.0,0.0,0.0,0.0
SFT (500 tokens),208,225,242,1.0817307692307692,20,208,10.4,0.35,0.0,0.3,2,0.1,7,0.0875,0,0.0,18,0.08653846153846154,0.3918918918918919,0.0,7.913461538461538,0.5,0.013513513513513514,0.0,1.0,18.606138107416882,16.37080926399545,64.83347541915317,0.711194968553459,31,225,7.258064516129032,0.03225806451612903,0.0,0.1935483870967742,0,0.0,1,0.011764705882352941,0,0.0,16,0.07111111111111111,0.5942028985507246,0.0,5.955555555555556,0.2577777777777778,0.30434782608695654,0.0,1.0,63.03999999999999,7.325311111111112,37.27777777777778,0.5909090909090909,-3.1419354838709683,30.210915209248235,-0.317741935483871,90.78315075781812,0.0,0.0,-0.1,99.99900000999989,-0.07573529411764705,86.55363266436619,0.0,0.0,-0.015427350427350425,17.82695449346412,-0.24222222222222223,48.44434755574933,0.0,0.0,-9.045498152884338,55.253820715143384,-27.555697641375396,42.50226759895735,-0.12028587764436804,16.913183280414845,44.43386189258311,44.43386189258311,-0.1064516129032258,-35.48375268856631,0.20231100665883273,51.62405617569673,0.29083431257344305,2152.0146639583454,0.0,0.0,39,242,6.205128205128205,0.07692307692307693,0.05128205128205128,0.20512820512820512,1,0.02564102564102564,0,0.0,0,0.0,10,0.04132231404958678,0.5357142857142857,0.05128205128205128,6.31404958677686,0.24380165289256198,0.3333333333333333,0.0,0.0,56.88791322314049,7.613706198347108,38.141012396694215,0.6705699481865286,-4.194871794871795,40.3353018415267,-0.27307692307692305,78.02175510267773,0.05128205128205128,0.0,-0.07435897435897437,74.3582307766666,-0.0875,99.99885715591822,0.0,0.0,-0.04521614748887476,52.249166663440505,-0.25619834710743805,51.23956694235372,0.0,0.0,-8.757103065648343,53.492178605893194,-26.69246302245896,41.17080325893714,-0.04062502036693039,5.712211846414129,38.281775115723605,38.281775115723605,-0.09487179487179487,-31.62382621117759,0.1438223938223938,36.69941374238267,0.3198198198198198,2366.491546292241,-1.0,-99.99990000010001
SFT (500 tokens),210,111,324,0.5285714285714286,18,210,11.666666666666666,0.5,0.05555555555555555,0.3333333333333333,3,0.16666666666666666,10,0.136986301369863,0,0.0,26,0.12380952380952381,0.5901639344262295,0.3333333333333333,7.319047619047619,0.3619047619047619,0.0,0.0,1.0,32.285714285714306,13.121466666666668,59.23809523809524,0.7760248447204969,16,111,6.9375,0.0625,0.0625,0.5625,0,0.0,0,0.0,0,0.0,8,0.07207207207207207,0.8125,0.0625,6.261261261261262,0.24324324324324326,0.25,0.0,1.0,60.86872586872589,7.0415580437580445,35.856499356499356,0.697741935483871,-4.729166666666666,40.53571081122479,-0.4375,87.49982500035,0.0069444444444444475,-12.499775004049933,-0.16666666666666666,99.99940000359999,-0.136986301369863,99.99927000532895,0.0,0.0,-0.05173745173745174,41.78760427267651,-0.11866151866151864,32.78796061079162,0.0,0.0,-6.079908622908624,46.33558362037364,-23.381595881595885,39.470539005201,-0.07828290923662595,10.087667797304006,28.583011583011583,28.583011583011583,0.22916666666666669,68.74979375061876,0.2223360655737705,37.673547275378226,0.25,0.0,0.0,0.0,53,324,6.113207547169812,0.0,0.018867924528301886,0.39622641509433965,0,0.0,0,0.0,0,0.0,22,0.06790123456790123,0.8518518518518519,0.20754716981132076,5.811728395061729,0.19753086419753085,0.0,0.0,1.0,67.08333333333333,5.983383950617283,34.21913580246914,0.6376727272727273,-5.553459119496854,47.60107408702384,-0.5,99.9998000004,-0.03668763102725367,66.03654719120716,-0.16666666666666666,99.99940000359999,-0.136986301369863,99.99927000532895,0.0,0.0,-0.05590828924162258,45.15633043248782,-0.16437389770723104,45.41897781403305,0.0,0.0,-7.138082716049386,54.40003281174658,-25.0189594356261,42.234577112450715,-0.13835211744776965,17.828287342362966,34.79761904761902,34.79761904761902,0.06289308176100633,18.86786792469813,0.26168791742562236,44.34148865181913,0.0,0.0,0.0,0.0
SFT (500 tokens),1395,116,1212,0.08315412186379928,85,1395,16.41176470588235,0.5411764705882353,0.023529411764705882,0.1411764705882353,4,0.047058823529411764,64,0.10509031198686371,0,0.0,33,0.023655913978494623,0.24087591240875914,0.011764705882352941,6.10752688172043,0.27813620071684586,0.029197080291970802,0.005017921146953405,0.961038961038961,48.52551294446236,10.294187578604658,52.22143169967856,0.7956463595839525,11,116,10.545454545454545,0.36363636363636365,0.0,0.36363636363636365,1,0.09090909090909091,2,0.0425531914893617,0,0.0,0,0.0,0.3076923076923077,0.0,5.517241379310345,0.1810344827586207,0.0,0.0,1.0,63.54937304075237,6.753200000000001,41.57993730407524,0.7683582089552239,-5.8663101604278065,35.74454001817237,-0.1775401069518716,32.806263490402436,-0.023529411764705882,99.99575018061732,0.04385026737967915,-93.17983811025834,-0.06253712049750201,59.50741247318244,0.0,0.0,-0.023655913978494623,99.99577290596352,-0.09710171795822517,34.91144575697315,-0.005017921146953405,99.98007539925972,-3.540987578604657,34.397928030619255,-10.641494395603324,20.377637773367383,-0.02728815062872858,3.429679028030417,15.023860096290008,15.023860096290008,0.22245989304812835,157.5746414220475,0.06681639528354857,27.738812580827027,-0.029197080291970802,-99.99657511730223,0.038961038961038974,4.054049835650848,172,1212,7.046511627906977,0.029069767441860465,0.005813953488372093,0.3430232558139535,8,0.046511627906976744,11,0.020257826887661142,1,0.005208333333333333,11,0.009075907590759076,0.4085106382978723,0.046511627906976744,5.403465346534653,0.19636963696369636,0.06595744680851064,0.0016501650165016502,0.9696969696969697,70.288884411697,6.261320308542483,36.50195717246143,0.6830954428202923,-9.365253077975375,57.064262589482695,-0.5121067031463747,94.62823768139093,-0.01771545827633379,75.28749795575548,-0.0005471956224350205,1.1627659888971547,-0.08483248509920256,80.72264347580561,0.005208333333333333,0.0,-0.014580006387735546,61.631058053428,-0.0817665637531495,29.397924313041084,-0.003367756130451755,67.10119628988505,-4.032867270062176,39.17615496615293,-15.71947452721713,30.101576526286856,-0.11255091676366014,14.145829230491447,21.763371467234634,21.763371467234634,0.2018467852257182,142.9737934705133,0.16763472588911318,69.5935215263152,0.036760366516539834,125.89994324609275,0.008658008658008698,0.9008999634779701
SFT (500 tokens),147,143,208,0.9727891156462585,13,147,11.307692307692308,0.3076923076923077,0.0,0.38461538461538464,0,0.0,3,0.05660377358490566,0,0.0,6,0.04081632653061224,0.48,0.0,6.98639455782313,0.3741496598639456,0.0,0.0,0.0,38.015306122449005,12.526397278911563,54.42687074829932,0.7540816326530613,21,143,6.809523809523809,0.047619047619047616,0.0,0.14285714285714285,0,0.0,0,0.0,0,0.0,1,0.006993006993006993,0.9459459459459459,0.0,5.769230769230769,0.1958041958041958,0.02702702702702703,0.0,1.0,69.35,6.49859188811189,38.61853146853147,0.5774468085106385,-4.498168498168499,39.779717894440246,-0.2600732600732601,84.52353482232135,0.0,0.0,0.0,0.0,-0.05660377358490566,99.99823336454389,0.0,0.0,-0.03382331953760525,82.8651026721174,-0.1783454640597498,47.66675117574362,0.0,0.0,-6.027805390799673,48.1208185831645,-15.80833927976785,29.045099914752704,-0.17663482414242282,23.423802179474016,31.33469387755099,31.33469387755099,-0.2417582417582418,-62.856979428996354,0.46594594594594596,97.07186983900992,0.02702702702702703,0.0,1.0,0.0,32,208,6.5,0.0,0.03125,0.46875,1,0.03125,1,0.012345679012345678,0,0.0,1,0.004807692307692308,0.6417910447761194,0.0,6.028846153846154,0.27884615384615385,0.208955223880597,0.0,1.0,65.69642857142858,8.55446098901099,42.043956043956044,0.6304402515723271,-4.807692307692308,42.51700304271402,-0.3076923076923077,99.99967500105626,0.03125,0.0,0.03125,0.0,-0.04425809457255998,78.18791909161868,0.0,0.0,-0.03600863422291993,88.21899248083805,-0.09530350601779175,25.47195989242608,0.0,0.0,-3.971936289900574,31.708526277560622,-12.382914704343278,22.75147240063491,-0.12364138108073419,16.39626424570093,27.68112244897958,27.68112244897958,0.08413461538461536,21.87494312514787,0.16179104477611939,33.70639744003021,0.208955223880597,0.0,1.0,0.0
SFT (500 tokens),249,178,403,0.714859437751004,22,249,11.318181818181818,0.3181818181818182,0.0,0.18181818181818182,4,0.18181818181818182,10,0.11235955056179775,0,0.0,18,0.07228915662650602,0.29545454545454547,0.0,7.742971887550201,0.40160642570281124,0.06818181818181818,0.028112449799196786,1.0,23.079772079772084,13.162697499208612,54.613643558088,0.785,21,178,8.476190476190476,0.19047619047619047,0.0,0.09523809523809523,0,0.0,4,0.056338028169014086,0,0.0,12,0.06741573033707865,0.3333333333333333,0.0,7.134831460674158,0.3595505617977528,0.18333333333333332,0.016853932584269662,1.0,34.737283236994216,11.408794450867054,49.11242774566474,0.8106976744186046,-2.841991341991342,25.109961445629725,-0.1277056277056277,40.13592828027983,0.0,0.0,-0.18181818181818182,99.99945000302498,-0.056021522392783664,49.8587111870479,0.0,0.0,-0.004873426289427371,6.741479776570955,-0.042055863905058444,10.471884037368302,-0.011258517214927124,40.04672957371736,-1.7539030483415576,13.324798470822746,-5.501215812423261,10.07296959750063,0.0256976744186046,-3.273584927739531,11.657511157222132,11.657511157222132,-0.08658008658008659,-47.61878571572618,0.037878787878787845,12.820469428154746,0.11515151515151514,168.8864118881812,0.0,0.0,54,403,7.462962962962963,0.05555555555555555,0.0,0.24074074074074073,0,0.0,3,0.018404907975460124,0,0.0,31,0.07692307692307693,0.4253731343283582,0.1111111111111111,6.523573200992556,0.2630272952853598,0.21641791044776118,0.022332506203473945,1.0,48.58227458044941,8.021607509244337,39.16772541955058,0.7435593220338984,-3.8552188552188555,34.06217161491449,-0.26262626262626265,82.53942313006701,0.0,0.0,-0.18181818181818182,99.99945000302498,-0.09395464258633762,83.61888769374,0.0,0.0,0.004633920296570906,-6.410167736269402,-0.13857913041745146,34.506117553712706,-0.005779943595722842,20.55935375063069,-5.141089989964275,39.05802438818587,-15.445918138537422,28.282159638895514,-0.041440677966101624,5.279060531910357,25.502502500677323,25.502502500677323,0.058922558922558904,32.407229167646975,0.12991858887381275,43.972296635671086,0.148236092265943,217.4097466470989,0.0,0.0
SFT (500 tokens),279,240,318,0.8602150537634409,17,279,16.41176470588235,0.5882352941176471,0.058823529411764705,0.11764705882352941,2,0.11764705882352941,16,0.17777777777777778,0,0.0,17,0.06093189964157706,0.36470588235294116,0.11764705882352941,7.448028673835125,0.4014336917562724,0.0,0.0,1.0,21.86895161290323,14.37449265232975,64.39090501792114,0.7775652173913044,31,240,7.741935483870968,0.16129032258064516,0.03225806451612903,0.22580645161290322,0,0.0,0,0.0,0,0.0,6,0.025,0.6515151515151515,0.16129032258064516,6.058333333333334,0.25833333333333336,0.3484848484848485,0.0,1.0,58.412499999999994,7.959391666666667,40.916666666666664,0.6871204188481675,-8.669829222011384,52.82691318767681,-0.42694497153700195,72.58052177440331,-0.026565464895635674,45.16052259369655,-0.11764705882352941,99.99915000722494,-0.17777777777777778,99.99943750316405,0.0,0.0,-0.03593189964157706,58.969620439758664,-0.14310035842293906,35.64723262876871,0.0,0.0,-6.4151009856630825,44.62836146317651,-23.474238351254478,36.45582863008819,-0.0904447985431368,11.631780872190483,36.54354838709676,36.54354838709676,0.10815939278937381,91.93470242599712,0.28680926916221033,78.64103559325041,0.3484848484848485,0.0,0.0,0.0,47,318,6.76595744680851,0.02127659574468085,0.0,0.2553191489361702,0,0.0,1,0.008130081300813009,0,0.0,7,0.0220125786163522,0.5283018867924528,0.0851063829787234,6.320754716981132,0.3490566037735849,0.16981132075471697,0.0,1.0,48.438005390835556,10.211225876010783,43.42048517520215,0.6977695167286245,-9.645807259073841,58.773732405993115,-0.5669586983729662,96.38281487261897,-0.058823529411764705,99.99830002889951,-0.11764705882352941,99.99915000722494,-0.1696476964769648,95.4262924953974,0.0,0.0,-0.03891932102522486,63.87242565864793,-0.05237708798268753,13.047474236354198,0.0,0.0,-4.163266776318967,28.962876028987665,-20.97041984271899,32.56736259757324,-0.07979570066267982,10.262238620704277,26.569053777932325,26.569053777932325,0.13767209011264078,117.02028192334832,0.16359600443951167,44.8568459646433,0.16981132075471697,0.0,0.0,0.0
SFT (500 tokens),343,65,827,0.18950437317784258,43,343,7.976744186046512,0.20930232558139536,0.16279069767441862,0.06976744186046512,2,0.046511627906976744,4,0.03225806451612903,0,0.0,4,0.011661807580174927,0.48936170212765956,0.0,6.096209912536443,0.2594752186588921,0.010638297872340425,0.0058309037900874635,0.0,48.2727068849518,9.27900457501682,47.303094864319355,0.7063945578231292,9,65,7.222222222222222,0.2222222222222222,0.1111111111111111,0.3333333333333333,1,0.1111111111111111,0,0.0,0,0.0,2,0.03076923076923077,0.5882352941176471,0.0,5.676923076923077,0.18461538461538463,0.0,0.0,1.0,59.375,6.8374999999999995,40.43269230769231,0.6875,-0.7545219638242893,9.459020518094933,0.01291989664082685,-6.172810013858317,-0.05167958656330751,31.745836735891807,0.06459948320413436,-138.88590284197778,-0.03225806451612903,99.99690009609702,0.0,0.0,0.019107423189055846,-163.8321052431293,-0.07485983404350749,28.85036417997072,-0.0058309037900874635,99.98285294072066,-2.441504575016821,26.312136093445503,-6.870402556627049,14.524213333380114,-0.01889455782312921,2.6747843490629823,11.102293115048198,11.102293115048198,0.2635658914728682,377.77236304057413,0.09887359198998752,20.204562292978853,-0.010638297872340425,-99.99060088351696,1.0,0.0,122,827,6.778688524590164,0.02459016393442623,0.00819672131147541,0.1885245901639344,5,0.040983606557377046,3,0.009868421052631578,0,0.0,9,0.010882708585247884,0.6666666666666666,0.00819672131147541,5.758162031438936,0.21765417170495768,0.182648401826484,0.0036275695284159614,0.9,62.670243415172706,6.533141830608275,34.76083276378739,0.6873778920308483,-1.1980556614563476,15.019354805918478,-0.18471216164696913,88.2509444768172,-0.1545939763629432,94.9642878423255,-0.005528021349599697,11.8849903743463,-0.022389643463497453,69.40574315880419,0.0,0.0,-0.0007790989949270424,6.680201054258987,-0.04182104695393443,16.11748744069392,-0.002203334261671502,37.780703197067965,-2.7458627444085453,29.592209232006716,-12.542262100531964,26.514674930594918,-0.019016665792280896,2.692070410363818,14.397536530220904,14.397536530220904,0.1187571483034693,170.21613947030693,0.17730496453900707,36.23181001905489,0.1720101039541436,1616.7430033266373,0.9,0.0
SFT (500 tokens),120,74,325,0.6166666666666667,10,120,12.0,0.5,0.2,0.0,1,0.1,4,0.08888888888888889,0,0.0,4,0.03333333333333333,0.37209302325581395,0.0,6.408333333333333,0.31666666666666665,0.046511627906976744,0.025,1.0,36.16806722689077,11.975635294117648,58.1764705882353,0.8008450704225354,8,74,9.25,0.125,0.125,0.25,1,0.125,0,0.0,0,0.0,0,0.0,0.75,0.0,5.756756756756757,0.25675675675675674,0.05,0.013513513513513514,1.0,54.54054054054055,8.167140540540542,41.682432432432435,0.7023999999999999,-2.75,22.916664756944606,-0.375,74.9998500003,-0.07500000000000001,37.499812500937495,0.024999999999999994,-24.99975000249997,-0.08888888888888889,99.99887501265611,0.0,0.0,-0.03333333333333333,99.9970000899973,-0.05990990990990991,18.918859175153106,-0.011486486486486487,45.94410818161868,-3.808494753577106,31.802024210169222,-16.494038155802862,28.35173345084469,-0.09844507042253547,12.292633261045378,18.372473313649778,18.372473313649778,0.25,0.0,0.37790697674418605,101.56222705151481,0.0034883720930232592,7.499838753466808,0.0,0.0,57,325,5.701754385964913,0.017543859649122806,0.017543859649122806,0.45614035087719296,0,0.0,2,0.014388489208633094,0,0.0,3,0.009230769230769232,0.4146341463414634,0.03508771929824561,5.593846153846154,0.20615384615384616,0.13821138211382114,0.006153846153846154,1.0,69.47363636363637,6.229292307692309,36.00174825174825,0.5843478260869566,-6.298245614035087,52.485375743177755,-0.4824561403508772,96.49103508810526,-0.1824561403508772,91.22761403736841,-0.1,99.99900000999989,-0.07450039968025579,83.81200675521177,0.0,0.0,-0.024102564102564103,72.30552314199805,-0.11051282051282049,34.89867521875842,-0.018846153846153846,75.38160012061054,-5.746342986425339,47.983613106619686,-22.174722336487044,38.11630669772575,-0.21649724433557882,27.03356516706793,33.3055691367456,33.3055691367456,0.45614035087719296,0.0,0.042541123085649446,11.432896103360012,0.0916997542068444,197.15023281470994,0.0,0.0
